{
  "norm_stats": {
    "state": {
      "mean": [
        0.2805202603340149,
        0.09795977175235748,
        0.4007430076599121,
        0.4007430076599121,
        0.4007430076599121,
        0.4007430076599121,
        0.6935482621192932,
        0.03973941132426262,
        -1.012252688407898,
        -0.22149305045604706,
        1.080976963043213,
        1.0814697742462158
      ],
      "std": [
        0.4785347580909729,
        0.16710688173770905,
        0.6836206316947937,
        0.6836206316947937,
        0.6836206316947937,
        0.6836206316947937,
        0.30865901708602905,
        0.38224539160728455,
        0.3811320662498474,
        0.5396999716758728,
        0.30783897638320923,
        0.7171635031700134
      ],
      "q01": [
        0.0,
        0.0,
        0.0,
        0.0,
        0.0,
        0.0,
        -0.17023900151252747,
        -0.6372805833816528,
        -1.74568510055542,
        -1.4507254362106323,
        0.5235341191291809,
        -2.428463935852051
      ],
      "q99": [
        1.0993374586105347,
        0.3838956356048584,
        1.5704821348190308,
        1.5704821348190308,
        1.5704821348190308,
        1.5704821348190308,
        1.1834882497787476,
        0.7606762051582336,
        -0.3409310579299927,
        2.298790454864502,
        1.7201063632965088,
        2.3216450214385986
      ]
    },
    "actions": {
      "mean": [
        0.2805202305316925,
        0.09795969724655151,
        0.40074318647384644,
        0.40074318647384644,
        0.40074318647384644,
        0.40074318647384644,
        0.6935274600982666,
        0.040714748203754425,
        -1.0131902694702148,
        -0.22038084268569946,
        1.081272006034851,
        1.0802288055419922
      ],
      "std": [
        0.4785344898700714,
        0.16710712015628815,
        0.6836204528808594,
        0.6836204528808594,
        0.6836204528808594,
        0.6836204528808594,
        0.30853918194770813,
        0.38120970129966736,
        0.38029447197914124,
        0.5391599535942078,
        0.307902067899704,
        0.717330276966095
      ],
      "q01": [
        0.0,
        0.0,
        0.0,
        0.0,
        0.0,
        0.0,
        -0.16944271326065063,
        -0.6352442502975464,
        -1.7453912496566772,
        -1.4528731107711792,
        0.5235708951950073,
        -2.4284629821777344
      ],
      "q99": [
        1.0993374586105347,
        0.3838956356048584,
        1.5704821348190308,
        1.5704821348190308,
        1.5704821348190308,
        1.5704821348190308,
        1.1832377910614014,
        0.7606314420700073,
        -0.3451284170150757,
        2.29962420463562,
        1.7210317850112915,
        2.3268957138061523
      ]
    }
  }
}