{
  "norm_stats": {
    "state": {
      "mean": [
        0.2805202603340149,
        0.09795977175235748,
        0.4007430076599121,
        0.4007430076599121,
        0.4007430076599121,
        0.4007430076599121,
        0.6935482621192932,
        0.03973941132426262,
        -1.012252688407898,
        -0.22149305045604706,
        1.080976963043213,
        1.0814697742462158,
        0.0,
        0.0,
        0.0,
        0.0,
        0.0,
        0.0,
        0.0,
        0.0,
        0.0,
        0.0,
        0.0,
        0.0,
        0.0,
        0.0,
        0.0,
        0.0,
        0.0,
        0.0,
        0.0,
        0.0
      ],
      "std": [
        0.4785347580909729,
        0.16710688173770905,
        0.6836206316947937,
        0.6836206316947937,
        0.6836206316947937,
        0.6836206316947937,
        0.30865901708602905,
        0.38224539160728455,
        0.3811320662498474,
        0.5396999716758728,
        0.30783897638320923,
        0.7171635031700134,
        0.0,
        0.0,
        0.0,
        0.0,
        0.0,
        0.0,
        0.0,
        0.0,
        0.0,
        0.0,
        0.0,
        0.0,
        0.0,
        0.0,
        0.0,
        0.0,
        0.0,
        0.0,
        0.0,
        0.0
      ],
      "q01": [
        0.0,
        0.0,
        0.0,
        0.0,
        0.0,
        0.0,
        -0.17023900151252747,
        -0.6372805833816528,
        -1.74568510055542,
        -1.4507254362106323,
        0.5235341191291809,
        -2.428463935852051,
        0.0,
        0.0,
        0.0,
        0.0,
        0.0,
        0.0,
        0.0,
        0.0,
        0.0,
        0.0,
        0.0,
        0.0,
        0.0,
        0.0,
        0.0,
        0.0,
        0.0,
        0.0,
        0.0,
        0.0
      ],
      "q99": [
        1.0993374586105347,
        0.3838956356048584,
        1.5704821348190308,
        1.5704821348190308,
        1.5704821348190308,
        1.5704821348190308,
        1.1834882497787476,
        0.7606762051582336,
        -0.3409310579299927,
        2.298790454864502,
        1.7201063632965088,
        2.3216450214385986,
        0.0,
        0.0,
        0.0,
        0.0,
        0.0,
        0.0,
        0.0,
        0.0,
        0.0,
        0.0,
        0.0,
        0.0,
        0.0,
        0.0,
        0.0,
        0.0,
        0.0,
        0.0,
        0.0,
        0.0
      ]
    },
    "actions": {
      "mean": [
        0.28052011132240295,
        0.09795951098203659,
        0.4007429778575897,
        0.4007429778575897,
        0.4007429778575897,
        0.4007429778575897,
        0.6910921931266785,
        0.042435042560100555,
        -1.014682650566101,
        -0.21021690964698792,
        1.0829764604568481,
        1.0687689781188965,
        0.0,
        0.0,
        0.0,
        0.0,
        0.0,
        0.0,
        0.0,
        0.0,
        0.0,
        0.0,
        0.0,
        0.0,
        0.0,
        0.0,
        0.0,
        0.0,
        0.0,
        0.0,
        0.0,
        0.0
      ],
      "std": [
        0.47853410243988037,
        0.1671074628829956,
        0.6836209297180176,
        0.6836209297180176,
        0.6836209297180176,
        0.6836209297180176,
        0.30715709924697876,
        0.37941446900367737,
        0.3787917196750641,
        0.5400934219360352,
        0.305809885263443,
        0.7156773209571838,
        0.0,
        0.0,
        0.0,
        0.0,
        0.0,
        0.0,
        0.0,
        0.0,
        0.0,
        0.0,
        0.0,
        0.0,
        0.0,
        0.0,
        0.0,
        0.0,
        0.0,
        0.0,
        0.0,
        0.0
      ],
      "q01": [
        0.0,
        0.0,
        0.0,
        0.0,
        0.0,
        0.0,
        -0.16944271326065063,
        -0.6332544088363647,
        -1.7453912496566772,
        -1.4528731107711792,
        0.5235708951950073,
        -2.4263687133789062,
        0.0,
        0.0,
        0.0,
        0.0,
        0.0,
        0.0,
        0.0,
        0.0,
        0.0,
        0.0,
        0.0,
        0.0,
        0.0,
        0.0,
        0.0,
        0.0,
        0.0,
        0.0,
        0.0,
        0.0
      ],
      "q99": [
        1.0993374586105347,
        0.3838956356048584,
        1.5704821348190308,
        1.5704821348190308,
        1.5704821348190308,
        1.5704821348190308,
        1.1829369068145752,
        0.7606314420700073,
        -0.34668874740600586,
        2.29962420463562,
        1.7210317850112915,
        2.3300371170043945,
        0.0,
        0.0,
        0.0,
        0.0,
        0.0,
        0.0,
        0.0,
        0.0,
        0.0,
        0.0,
        0.0,
        0.0,
        0.0,
        0.0,
        0.0,
        0.0,
        0.0,
        0.0,
        0.0,
        0.0
      ]
    }
  }
}